[{"debugger_n_command_usage_stop":3,"debugger_n_command_usage_reset":3,"debugger_n_command_usage_set":21,"debugger_n_command_usage_tbreak":6,"debugger_n_command_usage_cd":3,"debugger_n_command_usage_delete":3,"debugger_n_command_usage_set_semihosting":6,"debugger_n_command_usage_source":6,"debugger_n_command_usage_loadfile":6,"debugger_n_command_usage_core":1,"debugger_n_command_usage_run":6,"debugger_n_command_usage_quit":3,"debugger_n_command_usage_wait":15,"product":"debugger","debugger_n_command_usage_delete_breakpoints":3,"debugger_n_command_usage_continue":3}]